文章編號,文章標題,文章連結,發布日期,文章分類,主要主題,總字數,內容檔案,表格檔案,有表格
1,PChome 行動支付全指南｜PChome 行動支付優惠與推薦綁定高回饋信用卡一把抓！,https://roo.cash/blog/pchome-mobile-payment/,2025-07-10,"ROO 信用卡, 信用卡推薦","信用卡優惠(65), 餐飲美食(2), 旅遊消費(4), 銀行服務(12), 支付方式(51), 會員權益(2), 消費分析(14), 促銷活動(7)",3209,article_1_content.txt,article_1_tables.txt,是
2,中油 Pay 信用卡懶人包》3 分鐘了解中油 Pay 如何使用、加油優惠與推薦信用卡！,https://roo.cash/blog/fuel-cpc-pay/,2025-07-10,"ROO 信用卡, 信用卡推薦","信用卡優惠(75), 餐飲美食(3), 旅遊消費(4), 銀行服務(19), 支付方式(11), 會員權益(17), 消費分析(13), 促銷活動(5)",3660,article_2_content.txt,article_2_tables.txt,是
3,全盈＋PAY 懶人包》全盈＋PAY 信用卡優惠與通路優惠一把抓！,https://roo.cash/blog/pluspay-introduction/,2025-07-10,"ROO 信用卡, 信用卡推薦","信用卡優惠(67), 餐飲美食(2), 旅遊消費(4), 銀行服務(14), 支付方式(38), 會員權益(10), 消費分析(10), 促銷活動(18)",4413,article_3_content.txt,article_3_tables.txt,是
4,悠遊付全攻略》悠遊付該怎麼用？一篇看懂悠遊付合作通路優惠和優缺點比較！,https://roo.cash/blog/easy-wallet-introduction/,2025-07-10,"ROO 信用卡, 信用卡推薦","信用卡優惠(65), 餐飲美食(2), 旅遊消費(4), 銀行服務(11), 支付方式(15), 會員權益(5), 消費分析(11), 促銷活動(15)",3626,article_4_content.txt,article_4_tables.txt,是
5,Apple Pay 新手教學懶人包》Apple Pay 怎麼用？操作、綁卡與付款教學一把抓！,https://roo.cash/blog/applepay-faq/,2025-07-10,"ROO 信用卡, 信用卡推薦","信用卡優惠(54), 餐飲美食(2), 旅遊消費(5), 銀行服務(12), 支付方式(20), 消費分析(9), 促銷活動(3)",4174,article_5_content.txt,article_5_tables.txt,是
6,Pi 拍錢包信用卡推薦綁哪張？3 張高回饋信用卡，刷對優惠享不完！,https://roo.cash/blog/pi-wallet-creditcard-recommendation/,2025-07-10,"ROO 信用卡, 信用卡推薦","信用卡優惠(85), 餐飲美食(3), 旅遊消費(4), 銀行服務(12), 支付方式(20), 會員權益(2), 消費分析(18), 促銷活動(4)",3794,article_6_content.txt,article_6_tables.txt,是
7,悠遊付信用卡總整理》高回饋怎麼刷？信用卡優惠、回饋、加碼一次看！,https://roo.cash/blog/easy-wallet-creditcard-recommendation/,2025-07-10,"ROO 信用卡, 信用卡推薦","信用卡優惠(91), 餐飲美食(3), 旅遊消費(5), 銀行服務(15), 支付方式(24), 會員權益(5), 消費分析(8), 促銷活動(13)",3006,article_7_content.txt,article_7_tables.txt,是
8,OPEN 錢包信用卡綁哪張最划算？OPEN 錢包高回饋信用卡一把抓！,https://roo.cash/blog/opwallet-creditcard-recommendation/,2025-07-10,"ROO 信用卡, 信用卡推薦","信用卡優惠(41), 餐飲美食(2), 旅遊消費(4), 銀行服務(11), 支付方式(24), 消費分析(11), 促銷活動(3)",2894,article_8_content.txt,article_8_tables.txt,是
9,街口支付是什麼？一篇看懂街口支付優缺點與 2025 高回饋信用卡推薦！,https://roo.cash/blog/jko-pay-pros-and-cons/,2025-07-10,"ROO 信用卡, 信用卡推薦","信用卡優惠(93), 餐飲美食(3), 旅遊消費(4), 銀行服務(16), 支付方式(26), 會員權益(3), 消費分析(12), 促銷活動(13)",4980,article_9_content.txt,article_9_tables.txt,是
10,街口支付信用卡刷哪張？刷對卡輕鬆賺，2025 街口支付高回饋信用卡推薦一次看！,https://roo.cash/blog/jko-card-recommendation/,2025-07-10,"ROO 信用卡, 信用卡推薦","信用卡優惠(86), 餐飲美食(2), 旅遊消費(12), 銀行服務(17), 支付方式(33), 消費分析(15), 促銷活動(5)",4147,article_10_content.txt,article_10_tables.txt,是
11,icash Pay 信用卡全攻略》2025 icash Pay 刷哪張？綁對卡輕鬆享最高 10% 回饋！,https://roo.cash/blog/icash-pay-creditcard-recommendation/,2025-07-10,"ROO 信用卡, 信用卡推薦","信用卡優惠(78), 餐飲美食(2), 旅遊消費(4), 銀行服務(11), 支付方式(21), 會員權益(2), 消費分析(8), 促銷活動(7)",4770,article_11_content.txt,article_11_tables.txt,是
12,全盈 + PAY 信用卡指南｜綁對卡輕鬆拿回饋，全盈 + PAY 高回饋信用卡一次看！,https://roo.cash/blog/plus-pay-credit-card/,2025-07-10,"ROO 信用卡, 信用卡推薦","信用卡優惠(82), 餐飲美食(2), 旅遊消費(4), 銀行服務(17), 支付方式(24), 會員權益(2), 消費分析(6), 促銷活動(12)",2994,article_12_content.txt,article_12_tables.txt,是
13,FamiPay 信用卡指南｜高回饋 FamiPay 信用卡推薦與優惠、點數使用方法一次看！,https://roo.cash/blog/famipay-creditcard-recommendation/,2025-07-09,"ROO 信用卡, 信用卡推薦","信用卡優惠(44), 餐飲美食(2), 旅遊消費(4), 銀行服務(18), 支付方式(19), 會員權益(5), 消費分析(12), 促銷活動(4)",3285,article_13_content.txt,article_13_tables.txt,是
14,2025全支付懶人包》信用卡優惠、優缺點 3 分鐘全攻略！,https://roo.cash/blog/pxpay-plus/,2025-07-09,"ROO 信用卡, 信用卡推薦","信用卡優惠(88), 電影娛樂(2), 餐飲美食(5), 旅遊消費(4), 銀行服務(11), 支付方式(17), 會員權益(6), 消費分析(7), 促銷活動(14)",5071,article_14_content.txt,article_14_tables.txt,是
15,全聯 PX Pay 信用卡全攻略》2025 全聯 PX Pay 高回饋信用卡一把抓，刷對卡輕鬆享回饋,https://roo.cash/blog/pxpay-card/,2025-07-09,"ROO 信用卡, 信用卡推薦","信用卡優惠(48), 餐飲美食(9), 旅遊消費(6), 銀行服務(9), 支付方式(12), 會員權益(6), 消費分析(9), 促銷活動(12)",3202,article_15_content.txt,article_15_tables.txt,是
16,橘子支付信用卡全攻略》橘子支付好用嗎？綁定高回饋信用卡輕鬆享回饋！,https://roo.cash/blog/gamapay-creditcard-recommendation/,2025-07-09,"ROO 信用卡, 信用卡推薦","信用卡優惠(40), 餐飲美食(2), 旅遊消費(4), 銀行服務(11), 支付方式(16), 會員權益(7), 消費分析(12), 促銷活動(9)",2880,article_16_content.txt,article_16_tables.txt,是
17,全聯PX Pay信用卡儲值教學》1 篇看懂PX Pay信用卡綁定、儲值、點數轉移！,https://roo.cash/blog/pxpay-card-top-up/,2025-07-09,"ROO 信用卡, 信用卡推薦","信用卡優惠(28), 餐飲美食(3), 旅遊消費(6), 銀行服務(9), 支付方式(6), 會員權益(7), 消費分析(7), 促銷活動(5)",2423,article_17_content.txt,article_17_tables.txt,是
18,Apple Pay 信用卡刷哪張最優惠？2025 Apple Pay 高回饋信用卡與合作銀行懶人包！,https://roo.cash/blog/applepay-card-recommendation/,2025-07-09,"ROO 信用卡, 信用卡推薦","信用卡優惠(58), 餐飲美食(3), 旅遊消費(7), 銀行服務(14), 支付方式(16), 消費分析(16), 促銷活動(3)",4003,article_18_content.txt,article_18_tables.txt,是
19,2025 LINE Pay 轉帳指南｜LINE Pay、LINE Bank 轉帳手續費與收款轉帳步驟全攻略！,https://roo.cash/blog/line-pay-transfer-money/,2025-07-09,"ROO 信用卡, 信用卡推薦","信用卡優惠(49), 餐飲美食(2), 旅遊消費(5), 銀行服務(13), 支付方式(17), 消費分析(10), 促銷活動(3)",4674,article_19_content.txt,article_19_tables.txt,是
20,行動支付信用卡全攻略》2025 行動支付刷對卡，最高回饋舊戶 10%、新戶 26% 輕鬆拿！,https://roo.cash/blog/mobile-payment-cashback-comparison/,2025-07-09,"ROO 信用卡, 信用卡推薦","信用卡優惠(152), 餐飲美食(2), 旅遊消費(4), 銀行服務(18), 支付方式(104), 消費分析(40), 促銷活動(33)",7154,article_20_content.txt,article_20_tables.txt,是
21,2025 LINE Pay 回饋總整理》LINE Pay 信用卡推薦、點數算法一次看！,https://roo.cash/blog/line-pay-cashback/,2025-07-09,"ROO 信用卡, 信用卡推薦","信用卡優惠(153), 餐飲美食(3), 旅遊消費(6), 銀行服務(19), 支付方式(32), 會員權益(3), 消費分析(9), 促銷活動(18)",6001,article_21_content.txt,article_21_tables.txt,是
22,LINE Pay 金融卡與信用卡差別｜2025 LINE Pay 金融卡與信用卡回饋、最新優惠與綁定全攻略,https://roo.cash/blog/line-pay-debitcard-or-creditcard/,2025-07-09,"ROO 信用卡, 信用卡推薦","信用卡優惠(92), 餐飲美食(2), 旅遊消費(4), 銀行服務(14), 支付方式(15), 會員權益(2), 消費分析(10), 促銷活動(4)",3367,article_22_content.txt,article_22_tables.txt,是
23,Samsung Pay 信用卡刷哪張？合作銀行優惠、高回饋信用卡推薦懶人包！,https://roo.cash/blog/samsung-pay/,2025-07-09,"ROO 信用卡, 信用卡推薦","信用卡優惠(58), 餐飲美食(2), 旅遊消費(4), 銀行服務(15), 支付方式(17), 會員權益(2), 消費分析(6), 促銷活動(6)",4327,article_23_content.txt,article_23_tables.txt,是
24,麥當勞行動支付有哪些可以用？行動支付綁對信用卡，食慾與錢包都能一起滿足！,https://roo.cash/blog/mcdonalds-mobile-payment-recommendation/,2025-07-09,"ROO 信用卡, 信用卡推薦","信用卡優惠(78), 餐飲美食(3), 旅遊消費(7), 銀行服務(11), 支付方式(37), 消費分析(8), 促銷活動(6)",3346,article_24_content.txt,article_24_tables.txt,是
25,2025 高回饋 LINE Pay 神卡推薦》最新優惠、活動通路懶人包！,https://roo.cash/blog/linepay-creditcard-recommendation/,2025-07-09,"ROO 信用卡, 信用卡推薦","信用卡優惠(174), 餐飲美食(3), 旅遊消費(11), 銀行服務(21), 支付方式(32), 會員權益(5), 消費分析(22), 促銷活動(14)",7034,article_25_content.txt,article_25_tables.txt,是
26,Garmin Pay 完整攻略》Garmin Pay 合作銀行與推薦信用卡一把抓，通勤支付一錶搞定！,https://roo.cash/blog/garmin-pay/,2025-07-09,"ROO 信用卡, 信用卡推薦","信用卡優惠(27), 餐飲美食(2), 旅遊消費(4), 銀行服務(12), 支付方式(17), 消費分析(7), 促銷活動(3)",4127,article_26_content.txt,article_26_tables.txt,是
27,7-11 LINE Pay 全攻略》7-11 LINE Pay 使用教學、綁定信用卡優惠與回饋一把抓,https://roo.cash/blog/line-pay-711-discount/,2025-07-09,"ROO 信用卡, 信用卡推薦","信用卡優惠(58), 餐飲美食(2), 旅遊消費(4), 銀行服務(14), 支付方式(18), 會員權益(3), 消費分析(11), 促銷活動(3)",3256,article_27_content.txt,article_27_tables.txt,是
28,共享機車信用卡懶人包》WeMo、GoShare、iRent 租車刷對卡輕鬆享最高 15% 回饋！,https://roo.cash/blog/shared-scooter-comparation/,2025-07-09,"ROO 信用卡, 信用卡推薦","信用卡優惠(53), 餐飲美食(2), 旅遊消費(6), 銀行服務(13), 支付方式(7), 消費分析(17), 促銷活動(6)",3580,article_28_content.txt,article_28_tables.txt,是
29,PChomePay 支付連是什麼？高回饋信用卡推薦與注意事項懶人包！,https://roo.cash/blog/pchome-pay/,2025-07-08,"ROO 信用卡, 信用卡推薦","信用卡優惠(40), 餐飲美食(2), 旅遊消費(5), 銀行服務(13), 支付方式(9), 會員權益(4), 消費分析(9), 促銷活動(3)",2841,article_29_content.txt,article_29_tables.txt,是
30,Google Pay 信用卡全指南｜Google Pay 好用嗎？熱門高回饋 Google Pay 神卡一次看！,https://roo.cash/blog/google-pay-credit-card/,2025-07-08,"ROO 信用卡, 信用卡推薦","信用卡優惠(89), 餐飲美食(2), 旅遊消費(9), 銀行服務(19), 支付方式(34), 會員權益(2), 消費分析(10), 促銷活動(7)",4580,article_30_content.txt,article_30_tables.txt,是
31,全家 LINE Pay 懶人包》全家消費如何用 LINE Pay 付款？使用教學、綁定信用卡回饋總整理！,https://roo.cash/blog/line-pay-family-discount/,2025-07-08,"ROO 信用卡, 信用卡推薦","信用卡優惠(43), 餐飲美食(3), 旅遊消費(6), 銀行服務(14), 支付方式(12), 消費分析(11), 促銷活動(4)",2838,article_31_content.txt,article_31_tables.txt,是
32,Hami Pay 信用卡全攻略》Hami Pay 怎麼用？通路整理與推薦信用卡一把抓！,https://roo.cash/blog/hamipay-creditcard/,2025-07-08,"ROO 信用卡, 信用卡推薦","信用卡優惠(45), 電影娛樂(3), 餐飲美食(5), 旅遊消費(7), 銀行服務(14), 支付方式(17), 會員權益(3), 消費分析(9), 促銷活動(11)",3620,article_32_content.txt,article_32_tables.txt,是
33,Happy Go Pay 是什麼？Happy Go Pay 綁卡步驟與推薦優惠信用卡懶人包！,https://roo.cash/blog/happygopay-creditcard-recommend/,2025-07-08,"ROO 信用卡, 信用卡推薦","信用卡優惠(47), 餐飲美食(2), 旅遊消費(4), 銀行服務(11), 支付方式(17), 會員權益(2), 消費分析(7), 促銷活動(9)",2956,article_33_content.txt,article_33_tables.txt,是
34,台灣 Pay 綁哪張卡最優惠？高回饋台灣 Pay 信用卡懶人包！,https://roo.cash/blog/taiwanpay-credit-card/,2025-07-08,"ROO 信用卡, 信用卡推薦","信用卡優惠(89), 餐飲美食(2), 旅遊消費(4), 銀行服務(12), 支付方式(26), 消費分析(9), 促銷活動(18)",3154,article_34_content.txt,article_34_tables.txt,是
35,7-11 Apple Pay 怎麼刷？Apple Pay 綁對卡，在 7-11 消費也能輕鬆享回饋！,https://roo.cash/blog/applepay-711-card-recommendation/,2025-07-08,"ROO 信用卡, 信用卡推薦","信用卡優惠(36), 餐飲美食(2), 旅遊消費(4), 銀行服務(11), 支付方式(11), 消費分析(11), 促銷活動(4)",2394,article_35_content.txt,article_35_tables.txt,是
36,台灣 Pay 通路全指南｜台灣 Pay 店家常見通路與綁定優惠信用卡一把抓！,https://roo.cash/blog/taiwanpay-store-overview/,2025-07-08,"ROO 信用卡, 信用卡推薦","信用卡優惠(68), 餐飲美食(2), 旅遊消費(5), 銀行服務(11), 支付方式(16), 會員權益(2), 消費分析(6), 促銷活動(11)",2746,article_36_content.txt,article_36_tables.txt,是
37,百貨公司行動支付有哪些？7 大百貨公司行動支付與優惠信用卡推薦懶人包！,https://roo.cash/blog/department-store-mobile-payment/,2025-07-08,"ROO 信用卡, 信用卡推薦","信用卡優惠(61), 餐飲美食(6), 旅遊消費(4), 銀行服務(13), 支付方式(33), 會員權益(10), 消費分析(8), 促銷活動(7)",3705,article_37_content.txt,article_37_tables.txt,是
38,全支付與全盈＋ PAY 比一比》兩者差異、提供通路、合作優惠回饋懶人包！,https://roo.cash/blog/pxpay-plus-pluspay-comparison/,2025-07-08,"ROO 信用卡, 信用卡推薦","信用卡優惠(38), 餐飲美食(2), 旅遊消費(4), 銀行服務(12), 支付方式(16), 會員權益(4), 消費分析(8), 促銷活動(7)",2245,article_38_content.txt,article_38_tables.txt,是
39,日本行動支付懶人包》2025 遊日本必知資訊！選對支付方式輕鬆享最高 29% 回饋,https://roo.cash/blog/japan-mobilepayment/,2025-07-08,"ROO 信用卡, 信用卡推薦","信用卡優惠(103), 電影娛樂(2), 餐飲美食(3), 旅遊消費(39), 銀行服務(19), 支付方式(52), 消費分析(8), 促銷活動(21)",6067,article_39_content.txt,article_39_tables.txt,是
40,2025 信用卡首刷禮懶人包｜最新獨家限定首刷禮，行李箱／家電／全聯禮券辦卡總整理！,https://roo.cash/blog/credit-card-welcome-gift/,2025-07-05,"ROO 信用卡, 信用卡推薦","信用卡優惠(41), 餐飲美食(3), 旅遊消費(4), 銀行服務(35), 支付方式(15), 會員權益(5), 消費分析(9), 促銷活動(9)",4428,article_40_content.txt,article_40_tables.txt,是
41,首刷禮行李箱總整理》2025 哪些信用卡首刷禮有行李箱？行李箱限定通路資訊一次看,https://roo.cash/blog/credit-card-welcome-gift-suitcase/,2025-06-30,"ROO 信用卡, 信用卡推薦","信用卡優惠(39), 餐飲美食(2), 旅遊消費(14), 銀行服務(21), 支付方式(11), 會員權益(3), 消費分析(14), 促銷活動(9)",3055,article_41_content.txt,article_41_tables.txt,是
42,滙豐首刷禮懶人包》滙豐新卡友消費滿額享行李箱、藍牙耳機等好禮多選一！,https://roo.cash/blog/hsbc-credit-card-flashsale/,2025-06-30,"ROO 信用卡, 信用卡權益","信用卡優惠(51), 餐飲美食(3), 旅遊消費(4), 銀行服務(39), 支付方式(8), 會員權益(3), 消費分析(6), 促銷活動(18)",4331,article_42_content.txt,article_42_tables.txt,是
43,2025 燃料稅信用卡》繳燃料稅回饋及手續費、分期優惠總整理,https://roo.cash/blog/fuel-tax/,2025-06-26,"ROO 信用卡, 信用卡推薦","信用卡優惠(99), 餐飲美食(2), 旅遊消費(4), 銀行服務(14), 支付方式(25), 會員權益(3), 消費分析(10), 促銷活動(16)",4889,article_43_content.txt,article_43_tables.txt,是
44,信用卡遲繳怎麼辦？信用卡遲繳帶來的影響與相關補救方式一次看！,https://roo.cash/blog/creditcard-fee-overdue/,2025-06-23,"ROO 信用卡, 信用卡推薦","信用卡優惠(10), 餐飲美食(2), 旅遊消費(4), 銀行服務(14), 支付方式(6), 消費分析(3), 促銷活動(3)",2662,article_44_content.txt,article_44_tables.txt,是
45,Costco 好市多辦卡攻略》Costco 好市多會員費用、辦卡流程、相關資訊一次看！,https://roo.cash/blog/costco-membership-introduction/,2025-06-23,"ROO 信用卡, 信用卡推薦","信用卡優惠(34), 餐飲美食(3), 旅遊消費(5), 銀行服務(29), 支付方式(17), 會員權益(75), 消費分析(3), 促銷活動(4)",3892,article_45_content.txt,article_45_tables.txt,是
46,超商繳費信用卡懶人包》便利商店可刷卡繳費項目、支付工具與信用卡推薦一把抓,https://roo.cash/blog/convenience-store-creditcard-collection-and-payment/,2025-06-23,"ROO 信用卡, 信用卡推薦","信用卡優惠(40), 餐飲美食(2), 旅遊消費(7), 銀行服務(16), 支付方式(28), 消費分析(9), 促銷活動(8)",5321,article_46_content.txt,article_46_tables.txt,是
47,國泰小樹點懶人包》國泰小樹點是什麼？權益比較、折抵方式、注意事項一次看！,https://roo.cash/blog/cathay-treepoint-introduction/,2025-06-23,"ROO 信用卡, 信用卡權益","信用卡優惠(57), 餐飲美食(3), 旅遊消費(5), 銀行服務(12), 支付方式(25), 消費分析(10), 促銷活動(11)",3500,article_47_content.txt,article_47_tables.txt,是
48,家樂福信用卡刷哪張最優惠？在家樂福消費刷對卡輕鬆享最高 8% 回饋！,https://roo.cash/blog/carrefour-creditcard-recommendation/,2025-06-23,"ROO 信用卡, 信用卡推薦","信用卡優惠(81), 餐飲美食(2), 旅遊消費(4), 銀行服務(13), 支付方式(24), 消費分析(9), 促銷活動(7)",3366,article_48_content.txt,article_48_tables.txt,是
49,保費分期信用卡刷哪張？刷對卡繳保費輕鬆享最高 12 期 0 利率優惠！,https://roo.cash/blog/card-insurance-installment/,2025-06-23,"ROO 信用卡, 信用卡推薦","信用卡優惠(7), 銀行服務(3), 消費分析(11), 促銷活動(3)",582,article_49_content.txt,article_49_tables.txt,是
50,信用卡道路救援怎麼使用？各銀行免費信用卡道路救援權益與使用流程一次看！,https://roo.cash/blog/bank-free-roadside-assistance/,2025-06-23,"ROO 信用卡, 信用卡推薦","信用卡優惠(10), 餐飲美食(2), 旅遊消費(4), 銀行服務(12), 支付方式(2), 會員權益(9), 消費分析(2), 促銷活動(3)",4767,article_50_content.txt,article_50_tables.txt,是
51,信用卡刷退全指南｜信用卡刷退流程、注意事項一次看！,https://roo.cash/blog/back-on-credit-card/,2025-06-23,"ROO 信用卡, 信用卡推薦","信用卡優惠(9), 餐飲美食(2), 旅遊消費(8), 銀行服務(25), 支付方式(15), 消費分析(6), 促銷活動(4)",2606,article_51_content.txt,article_51_tables.txt,是
52,eTag 信用卡全攻略》高回饋 eTag 信用卡、儲值回饋、申請流程一把抓！,https://roo.cash/blog/etag-credit-cards/,2025-06-19,"ROO 信用卡, 信用卡推薦","信用卡優惠(110), 餐飲美食(3), 旅遊消費(4), 銀行服務(23), 支付方式(7), 會員權益(2), 消費分析(17), 促銷活動(3)",3854,article_52_content.txt,article_52_tables.txt,是
53,果然匯信用卡刷哪張？2025 果然匯消費刷對卡輕鬆 get 最高 3.5% 回饋！,https://roo.cash/blog/fruitfulfood-creditcard-article/,2025-06-19,"ROO 信用卡, 信用卡推薦","信用卡優惠(79), 電影娛樂(2), 餐飲美食(23), 旅遊消費(4), 銀行服務(13), 支付方式(7), 消費分析(20), 促銷活動(6)",2469,article_53_content.txt,article_53_tables.txt,是
54,信用卡結帳日是什麼？3 分鐘看懂帳單相關名詞，徹底把握結帳日重要性！,https://roo.cash/blog/credit-card-closing-date/,2025-06-19,"ROO 信用卡, 信用卡推薦","信用卡優惠(16), 餐飲美食(2), 旅遊消費(6), 銀行服務(33), 支付方式(6), 消費分析(2), 促銷活動(5)",3391,article_54_content.txt,article_54_tables.txt,是
55,哪家信用卡比較好過？信用小白不可不知的核卡訣竅與申請地雷懶人包,https://roo.cash/blog/get-card-approved/,2025-06-19,"ROO 信用卡, 信用卡推薦","信用卡優惠(73), 電影娛樂(3), 餐飲美食(3), 旅遊消費(13), 銀行服務(44), 支付方式(7), 消費分析(41), 促銷活動(3)",4344,article_55_content.txt,article_55_tables.txt,是
56,JCB 信用卡全指南｜JCB 是什麼？JCB 極緻卡比較與推薦 JCB 信用卡一次看！,https://roo.cash/blog/jcb-card-introduction/,2025-06-19,"ROO 信用卡, 信用卡權益","信用卡優惠(85), 餐飲美食(5), 旅遊消費(15), 銀行服務(20), 支付方式(2), 消費分析(17), 促銷活動(4)",4122,article_56_content.txt,article_56_tables.txt,是
57,電信費信用卡全攻略》刷對卡繳中華電信、遠傳、台哥大電信費輕鬆享高回饋！,https://roo.cash/blog/mobilebill-creditcard-recommendation/,2025-06-19,"ROO 信用卡, 信用卡推薦","信用卡優惠(81), 餐飲美食(2), 旅遊消費(4), 銀行服務(24), 支付方式(24), 消費分析(21), 促銷活動(9)",3297,article_57_content.txt,article_57_tables.txt,是
58,UNIQLO 信用卡總整理》UNIQLO 消費刷對卡輕鬆享最高 10% 回饋！,https://roo.cash/blog/uniqlo-creditcard/,2025-06-19,"ROO 信用卡, 信用卡推薦","信用卡優惠(76), 餐飲美食(2), 旅遊消費(5), 銀行服務(9), 支付方式(9), 消費分析(9), 促銷活動(4)",3515,article_58_content.txt,article_58_tables.txt,是
59,World Gym 信用卡刷哪張最划算？World Gym 詳細介紹與高回饋信用卡一次看！,https://roo.cash/blog/world-gym-creditcard/,2025-06-19,"ROO 信用卡, 信用卡推薦","信用卡優惠(78), 餐飲美食(4), 旅遊消費(5), 銀行服務(10), 支付方式(14), 會員權益(10), 消費分析(23), 促銷活動(7)",3952,article_59_content.txt,article_59_tables.txt,是
60,健身工廠信用卡刷哪張？會員費用、高回饋信用卡推薦一次看！,https://roo.cash/blog/fitnessfactory-creditcard/,2025-06-18,"ROO 信用卡, 信用卡推薦","信用卡優惠(82), 餐飲美食(2), 旅遊消費(4), 銀行服務(9), 支付方式(21), 會員權益(17), 消費分析(8), 促銷活動(3)",3166,article_60_content.txt,article_60_tables.txt,是
61,威秀影城信用卡全攻略》威秀刷哪張卡最優惠？5 張高回饋購票信用卡一次看,https://roo.cash/blog/movie-vieshow-cinemas-creditcard/,2025-06-18,"ROO 信用卡, 信用卡推薦","信用卡優惠(105), 電影娛樂(140), 餐飲美食(4), 旅遊消費(7), 銀行服務(10), 支付方式(10), 會員權益(4), 消費分析(9), 促銷活動(7)",3490,article_61_content.txt,article_61_tables.txt,是
62,用信用卡繳卡費可以嗎？遲繳卡費怎麼辦？繳卡費六大招讓你輕鬆省下繳費麻煩！,https://roo.cash/blog/credit-card-bill/,2025-06-18,"ROO 信用卡, 信用卡推薦","信用卡優惠(14), 餐飲美食(2), 旅遊消費(4), 銀行服務(34), 支付方式(4), 消費分析(6), 促銷活動(4)",4795,article_62_content.txt,article_62_tables.txt,是
63,繳保險信用卡懶人包》2025 繳保費刷對卡輕鬆享高回饋！,https://roo.cash/blog/card-insurance-cashback/,2025-06-18,"ROO 信用卡, 信用卡推薦","信用卡優惠(168), 餐飲美食(3), 旅遊消費(7), 銀行服務(13), 支付方式(9), 消費分析(18), 促銷活動(20)",4352,article_63_content.txt,article_63_tables.txt,是
64,買機票信用卡該刷哪張？刷卡買機票還能享現金回饋或哩程，高回饋優惠別錯過！,https://roo.cash/blog/plane-ticket-credit-card/,2025-06-18,"ROO 信用卡, 信用卡推薦","信用卡優惠(136), 餐飲美食(2), 旅遊消費(65), 銀行服務(21), 支付方式(4), 消費分析(12), 促銷活動(3)",3636,article_64_content.txt,article_64_tables.txt,是
65,醫院刷卡全指南｜醫院可以刷卡嗎？醫院付費管道、繳費賺回饋方式一次看！,https://roo.cash/blog/hospital-credit-card-notice/,2025-06-18,"ROO 信用卡, 信用卡推薦","信用卡優惠(33), 餐飲美食(2), 旅遊消費(4), 銀行服務(9), 支付方式(52), 消費分析(6), 促銷活動(3)",2084,article_65_content.txt,article_65_tables.txt,是
66,JCB 貴賓室全攻略》刷對卡免費使用 JCB 機場貴賓室？超值優惠千萬別錯過！,https://roo.cash/blog/travel-jcb-airport-lounge/,2025-06-18,"ROO 信用卡, 信用卡推薦","信用卡優惠(43), 餐飲美食(2), 旅遊消費(14), 銀行服務(9), 支付方式(4), 消費分析(11), 促銷活動(5)",5913,article_66_content.txt,article_66_tables.txt,是
67,王品集團全攻略》2025 西堤／陶板屋／王品三家比較，最全菜單、餐券、信用卡優惠總整理！,https://roo.cash/blog/tasty-tokiya-wangsteak-creditcard-recommendations/,2025-06-17,"ROO 信用卡, 信用卡推薦","信用卡優惠(69), 餐飲美食(102), 旅遊消費(4), 銀行服務(9), 支付方式(6), 會員權益(3), 消費分析(18), 促銷活動(5)",3961,article_67_content.txt,article_67_tables.txt,是
68,預借現金密碼函懶人包》3 分鐘輕鬆看懂預借現金密碼函與各銀行申請方式！,https://roo.cash/blog/cash-advance-password/,2025-06-03,"ROO 信用卡, 信用卡推薦","信用卡優惠(8), 餐飲美食(2), 旅遊消費(4), 銀行服務(66), 支付方式(3), 消費分析(12), 促銷活動(3)",2895,article_68_content.txt,article_68_tables.txt,是
69,預借現金信用評分全攻略》預借現金會讓信用評分拉警報？用對方法也能顧信用評分！,https://roo.cash/blog/cash-advance-credit-score/,2025-06-03,"ROO 信用卡, 信用卡推薦","信用卡優惠(8), 餐飲美食(2), 旅遊消費(4), 銀行服務(18), 支付方式(2), 消費分析(3), 促銷活動(3)",2066,article_69_content.txt,article_69_tables.txt,是
70,GoShare 信用卡懶人包》租車挑對信用卡，最高 15% 回饋輕鬆拿！,https://roo.cash/blog/goshare-creditcard-recommendation/,2025-06-03,"ROO 信用卡, 信用卡推薦","信用卡優惠(47), 餐飲美食(2), 旅遊消費(4), 銀行服務(10), 支付方式(4), 消費分析(8), 促銷活動(5)",2377,article_70_content.txt,article_70_tables.txt,是
71,外送信用卡懶人包》2025 三大外送平台高回饋信用卡推薦一次看！,https://roo.cash/blog/delivery-platform-creditcard-comparison/,2025-06-02,"ROO 信用卡, 信用卡推薦","信用卡優惠(92), 餐飲美食(18), 旅遊消費(6), 銀行服務(13), 支付方式(8), 消費分析(16), 促銷活動(3)",3724,article_71_content.txt,article_71_tables.txt,是
72,大創信用卡懶人包》DAISO 大創百貨高回饋一次看，刷對卡輕鬆享回饋！,https://roo.cash/blog/daiso-creditcard/,2025-06-02,"ROO 信用卡, 信用卡推薦","信用卡優惠(55), 銀行服務(2), 支付方式(12), 消費分析(6)",1617,article_72_content.txt,無,否
73,信用卡回饋懶人包》信用卡回饋方式該怎麼選？小資族必看回饋守則！,https://roo.cash/blog/creditcard-bonuspoints-cashback-comparison/,2025-06-02,"ROO 信用卡, 信用卡推薦","信用卡優惠(90), 餐飲美食(2), 旅遊消費(4), 銀行服務(16), 支付方式(3), 消費分析(12), 促銷活動(3)",1951,article_73_content.txt,article_73_tables.txt,是
74,2025 健身房信用卡推薦》健身房方案、價格、高回饋信用卡一次看！,https://roo.cash/blog/gym-recommendation-article/,2025-06-02,"ROO 信用卡, 信用卡推薦","信用卡優惠(27), 餐飲美食(2), 旅遊消費(4), 銀行服務(11), 支付方式(4), 會員權益(4), 消費分析(15), 促銷活動(3)",2635,article_74_content.txt,article_74_tables.txt,是
75,聯邦信用卡審核指南｜聯邦辦卡必知事項與熱門信用卡推薦一次看！,https://roo.cash/blog/union-credit-card-verification/,2025-06-02,"ROO 信用卡, 信用卡權益","信用卡優惠(31), 餐飲美食(3), 旅遊消費(7), 銀行服務(66), 支付方式(3), 消費分析(16), 促銷活動(3)",3875,article_75_content.txt,article_75_tables.txt,是
76,雙 11 信用卡懶人包》蝦皮、momo、PChome、淘寶四大電商刷對卡輕鬆拿回饋,https://roo.cash/blog/11-card-recommendation/,2025-06-02,"ROO 信用卡, 信用卡推薦","信用卡優惠(138), 餐飲美食(3), 旅遊消費(6), 銀行服務(11), 支付方式(7), 消費分析(13), 促銷活動(15)",4696,article_76_content.txt,article_76_tables.txt,是
77,交通信用卡懶人包》大眾運輸、計程車、開車族精選高回饋信用卡一次看！,https://roo.cash/blog/transport-credit-card/,2025-06-02,"ROO 信用卡, 信用卡推薦","信用卡優惠(129), 電影娛樂(4), 餐飲美食(3), 旅遊消費(7), 銀行服務(21), 支付方式(13), 會員權益(11), 消費分析(12), 促銷活動(7)",4464,article_77_content.txt,article_77_tables.txt,是
78,國泰世華首刷禮懶人包》國泰信用卡與首刷禮全資訊整理一把抓！,https://roo.cash/blog/cathay-welcome-gift/,2025-06-02,"ROO 信用卡, 信用卡權益","信用卡優惠(41), 餐飲美食(3), 旅遊消費(8), 銀行服務(10), 支付方式(6), 促銷活動(6)",1766,article_78_content.txt,article_78_tables.txt,是
79,週年慶信用卡懶人包》2025 百貨公司週年慶信用卡優惠與推薦一把抓！（持續更新）,https://roo.cash/blog/anniversary-sale-card/,2025-06-02,"ROO 信用卡, 信用卡推薦","信用卡優惠(206), 餐飲美食(6), 旅遊消費(6), 銀行服務(10), 支付方式(38), 會員權益(4), 消費分析(44), 促銷活動(13)",7355,article_79_content.txt,article_79_tables.txt,是
80,EZTABLE 信用卡懶人包》EZTABLE 刷哪張？刷對卡讓你享受美食也能省得輕鬆！,https://roo.cash/blog/eztable-credit-cards/,2025-05-29,"ROO 信用卡, 信用卡推薦","信用卡優惠(76), 餐飲美食(53), 旅遊消費(5), 銀行服務(19), 支付方式(12), 會員權益(6), 消費分析(12), 促銷活動(21)",3745,article_80_content.txt,article_80_tables.txt,是
